	sent_index	word_index	word	region	condition
0	0	0	The	np	match_obj
1	0	1	actress	np	match_obj
2	0	2	said	verb	match_obj
3	0	3	they	verb	match_obj
4	0	4	saw	verb	match_obj
5	0	5	her	match	match_obj
6	0	6	performance	continuation	match_obj
7	0	8	.	End	match_obj
8	0	9	<eos>	End	match_obj
9	1	0	The	np	match_obj
10	1	1	bride	np	match_obj
11	1	2	believes	verb	match_obj
12	1	3	they	verb	match_obj
13	1	4	lost	verb	match_obj
14	1	5	her	match	match_obj
15	1	6	ring	continuation	match_obj
16	1	8	.	End	match_obj
17	1	9	<eos>	End	match_obj
18	2	0	The	np	match_obj
19	2	1	countess	np	match_obj
20	2	2	worries	verb	match_obj
21	2	3	they	verb	match_obj
22	2	4	tunneled	verb	match_obj
23	2	5	under	verb	match_obj
24	2	6	her	match	match_obj
25	2	7	castle	continuation	match_obj
26	2	9	.	End	match_obj
27	2	10	<eos>	End	match_obj
28	3	0	His	np	match_obj
29	3	1	wife	np	match_obj
30	3	2	believes	verb	match_obj
31	3	3	they	verb	match_obj
32	3	4	dislike	verb	match_obj
33	3	5	her	match	match_obj
34	3	6	recipe	continuation	match_obj
35	3	8	.	End	match_obj
36	3	9	<eos>	End	match_obj
37	4	0	The	np	match_obj
38	4	1	witch	np	match_obj
39	4	2	believes	verb	match_obj
40	4	3	they	verb	match_obj
41	4	4	drank	verb	match_obj
42	4	5	her	match	match_obj
43	4	6	potion	continuation	match_obj
44	4	8	.	End	match_obj
45	4	9	<eos>	End	match_obj
46	5	0	The	np	match_obj
47	5	1	goddess	np	match_obj
48	5	2	knows	verb	match_obj
49	5	3	they	verb	match_obj
50	5	4	admired	verb	match_obj
51	5	5	her	match	match_obj
52	5	6	likeness	continuation	match_obj
53	5	8	.	End	match_obj
54	5	9	<eos>	End	match_obj
55	6	0	Her	np	match_obj
56	6	1	aunt	np	match_obj
57	6	2	said	verb	match_obj
58	6	3	they	verb	match_obj
59	6	4	know	verb	match_obj
60	6	5	her	match	match_obj
61	6	6	friend	continuation	match_obj
62	6	8	.	End	match_obj
63	6	9	<eos>	End	match_obj
64	7	0	The	np	match_obj
65	7	1	lady	np	match_obj
66	7	2	believes	verb	match_obj
67	7	3	they	verb	match_obj
68	7	4	misplaced	verb	match_obj
69	7	5	her	match	match_obj
70	7	6	dress	continuation	match_obj
71	7	8	.	End	match_obj
72	7	9	<eos>	End	match_obj
73	8	0	The	np	match_obj
74	8	1	princess	np	match_obj
75	8	2	knows	verb	match_obj
76	8	3	they	verb	match_obj
77	8	4	are	verb	match_obj
78	8	5	searching	verb	match_obj
79	8	6	for	verb	match_obj
80	8	7	her	match	match_obj
81	8	8	jewels	continuation	match_obj
82	8	10	.	End	match_obj
83	8	11	<eos>	End	match_obj
84	9	0	The	np	match_obj
85	9	1	girl	np	match_obj
86	9	2	believes	verb	match_obj
87	9	3	they	verb	match_obj
88	9	4	love	verb	match_obj
89	9	5	her	match	match_obj
90	9	6	mother	continuation	match_obj
91	9	8	.	End	match_obj
92	9	9	<eos>	End	match_obj
93	10	0	The	np	match_obj
94	10	1	queen	np	match_obj
95	10	2	knows	verb	match_obj
96	10	3	they	verb	match_obj
97	10	4	take	verb	match_obj
98	10	5	pride	verb	match_obj
99	10	6	in	verb	match_obj
100	10	7	her	match	match_obj
101	10	8	sovereignty	continuation	match_obj
102	10	10	.	End	match_obj
103	10	11	<eos>	End	match_obj
104	11	0	Her	np	match_obj
105	11	1	mother	np	match_obj
106	11	2	thinks	verb	match_obj
107	11	3	they	verb	match_obj
108	11	4	like	verb	match_obj
109	11	5	her	match	match_obj
110	11	6	friend	continuation	match_obj
111	11	8	.	End	match_obj
112	11	9	<eos>	End	match_obj
113	12	0	The	np	match_obj
114	12	1	waitress	np	match_obj
115	12	2	believes	verb	match_obj
116	12	3	they	verb	match_obj
117	12	4	stole	verb	match_obj
118	12	5	her	match	match_obj
119	12	6	paycheck	continuation	match_obj
120	12	8	.	End	match_obj
121	12	9	<eos>	End	match_obj
122	13	0	The	np	match_obj
123	13	1	mistress	np	match_obj
124	13	2	thinks	verb	match_obj
125	13	3	they	verb	match_obj
126	13	4	saw	verb	match_obj
127	13	5	her	match	match_obj
128	13	6	artwork	continuation	match_obj
129	13	8	.	End	match_obj
130	13	9	<eos>	End	match_obj
131	14	0	The	np	match_obj
132	14	1	boy	np	match_obj
133	14	2	thinks	verb	match_obj
134	14	3	they	verb	match_obj
135	14	4	lost	verb	match_obj
136	14	5	his	match	match_obj
137	14	6	airplane	continuation	match_obj
138	14	8	.	End	match_obj
139	14	9	<eos>	End	match_obj
140	15	0	The	np	match_obj
141	15	1	knight	np	match_obj
142	15	2	suspects	verb	match_obj
143	15	3	they	verb	match_obj
144	15	4	mistreated	verb	match_obj
145	15	5	his	match	match_obj
146	15	6	squire	continuation	match_obj
147	15	8	.	End	match_obj
148	15	9	<eos>	End	match_obj
149	16	0	The	np	match_obj
150	16	1	chairman	np	match_obj
151	16	2	worries	verb	match_obj
152	16	3	they	verb	match_obj
153	16	4	misplaced	verb	match_obj
154	16	5	his	match	match_obj
155	16	6	papers	continuation	match_obj
156	16	8	.	End	match_obj
157	16	9	<eos>	End	match_obj
158	17	0	The	np	match_obj
159	17	1	king	np	match_obj
160	17	2	worries	verb	match_obj
161	17	3	they	verb	match_obj
162	17	4	detest	verb	match_obj
163	17	5	his	match	match_obj
164	17	6	wife	continuation	match_obj
165	17	8	.	End	match_obj
166	17	9	<eos>	End	match_obj
167	18	0	The	np	match_obj
168	18	1	fireman	np	match_obj
169	18	2	wonders	verb	match_obj
170	18	3	if	verb	match_obj
171	18	4	they	verb	match_obj
172	18	5	found	verb	match_obj
173	18	6	his	match	match_obj
174	18	7	axe	continuation	match_obj
175	18	9	.	End	match_obj
176	18	10	<eos>	End	match_obj
177	19	0	The	np	match_obj
178	19	1	emperor	np	match_obj
179	19	2	knows	verb	match_obj
180	19	3	they	verb	match_obj
181	19	4	are	verb	match_obj
182	19	5	awed	verb	match_obj
183	19	6	by	verb	match_obj
184	19	7	his	match	match_obj
185	19	8	palace	continuation	match_obj
186	19	10	.	End	match_obj
187	19	11	<eos>	End	match_obj
188	20	0	His	np	match_obj
189	20	1	uncle	np	match_obj
190	20	2	hopes	verb	match_obj
191	20	3	they	verb	match_obj
192	20	4	like	verb	match_obj
193	20	5	his	match	match_obj
194	20	6	son	continuation	match_obj
195	20	8	.	End	match_obj
196	20	9	<eos>	End	match_obj
197	21	0	The	np	match_obj
198	21	1	bishop	np	match_obj
199	21	2	knows	verb	match_obj
200	21	3	they	verb	match_obj
201	21	4	love	verb	match_obj
202	21	5	his	match	match_obj
203	21	6	congregants	continuation	match_obj
204	21	8	.	End	match_obj
205	21	9	<eos>	End	match_obj
206	22	0	His	np	match_obj
207	22	1	brother	np	match_obj
208	22	2	believes	verb	match_obj
209	22	3	they	verb	match_obj
210	22	4	hid	verb	match_obj
211	22	5	his	match	match_obj
212	22	6	watch	continuation	match_obj
213	22	8	.	End	match_obj
214	22	9	<eos>	End	match_obj
215	23	0	The	np	match_obj
216	23	1	bachelor	np	match_obj
217	23	2	thinks	verb	match_obj
218	23	3	they	verb	match_obj
219	23	4	tore	verb	match_obj
220	23	5	up	verb	match_obj
221	23	6	his	match	match_obj
222	23	7	letter	continuation	match_obj
223	23	9	.	End	match_obj
224	23	10	<eos>	End	match_obj
225	24	0	The	np	match_obj
226	24	1	count	np	match_obj
227	24	2	knows	verb	match_obj
228	24	3	they	verb	match_obj
229	24	4	breached	verb	match_obj
230	24	5	his	match	match_obj
231	24	6	castle	continuation	match_obj
232	24	8	.	End	match_obj
233	24	9	<eos>	End	match_obj
234	25	0	The	np	match_obj
235	25	1	policeman	np	match_obj
236	25	2	wonders	verb	match_obj
237	25	3	whether	verb	match_obj
238	25	4	they	verb	match_obj
239	25	5	like	verb	match_obj
240	25	6	his	match	match_obj
241	25	7	friend	continuation	match_obj
242	25	9	.	End	match_obj
243	25	10	<eos>	End	match_obj
244	26	0	The	np	match_obj
245	26	1	clergyman	np	match_obj
246	26	2	thinks	verb	match_obj
247	26	3	they	verb	match_obj
248	26	4	penned	verb	match_obj
249	26	5	his	match	match_obj
250	26	6	congregants	continuation	match_obj
251	26	8	.	End	match_obj
252	26	9	<eos>	End	match_obj
253	27	0	The	np	match_obj
254	27	1	mailman	np	match_obj
255	27	2	worries	verb	match_obj
256	27	3	they	verb	match_obj
257	27	4	stole	verb	match_obj
258	27	5	his	match	match_obj
259	27	6	letter	continuation	match_obj
260	27	8	.	End	match_obj
261	27	9	<eos>	End	match_obj
262	28	0	The	np	match_obj
263	28	1	man	np	match_obj
264	28	2	believes	verb	match_obj
265	28	3	they	verb	match_obj
266	28	4	found	verb	match_obj
267	28	5	his	match	match_obj
268	28	6	wallet	continuation	match_obj
269	28	8	.	End	match_obj
270	28	9	<eos>	End	match_obj
271	29	0	Your	np	match_obj
272	29	1	husband	np	match_obj
273	29	2	knows	verb	match_obj
274	29	3	they	verb	match_obj
275	29	4	dislike	verb	match_obj
276	29	5	his	match	match_obj
277	29	6	favorite	continuation	match_obj
278	29	7	song	continuation	match_obj
279	29	9	.	End	match_obj
280	29	10	<eos>	End	match_obj
281	0	0	The	np	mismatch_obj
282	0	1	actress	np	mismatch_obj
283	0	2	said	verb	mismatch_obj
284	0	3	they	verb	mismatch_obj
285	0	4	saw	verb	mismatch_obj
286	0	5	his	mismatch	mismatch_obj
287	0	6	performance	continuation	mismatch_obj
288	0	8	.	End	mismatch_obj
289	0	9	<eos>	End	mismatch_obj
290	1	0	The	np	mismatch_obj
291	1	1	bride	np	mismatch_obj
292	1	2	believes	verb	mismatch_obj
293	1	3	they	verb	mismatch_obj
294	1	4	lost	verb	mismatch_obj
295	1	5	his	mismatch	mismatch_obj
296	1	6	ring	continuation	mismatch_obj
297	1	8	.	End	mismatch_obj
298	1	9	<eos>	End	mismatch_obj
299	2	0	The	np	mismatch_obj
300	2	1	countess	np	mismatch_obj
301	2	2	worries	verb	mismatch_obj
302	2	3	they	verb	mismatch_obj
303	2	4	tunneled	verb	mismatch_obj
304	2	5	under	verb	mismatch_obj
305	2	6	his	mismatch	mismatch_obj
306	2	7	castle	continuation	mismatch_obj
307	2	9	.	End	mismatch_obj
308	2	10	<eos>	End	mismatch_obj
309	3	0	His	np	mismatch_obj
310	3	1	wife	np	mismatch_obj
311	3	2	believes	verb	mismatch_obj
312	3	3	they	verb	mismatch_obj
313	3	4	dislike	verb	mismatch_obj
314	3	5	his	mismatch	mismatch_obj
315	3	6	recipe	continuation	mismatch_obj
316	3	8	.	End	mismatch_obj
317	3	9	<eos>	End	mismatch_obj
318	4	0	The	np	mismatch_obj
319	4	1	witch	np	mismatch_obj
320	4	2	believes	verb	mismatch_obj
321	4	3	they	verb	mismatch_obj
322	4	4	drank	verb	mismatch_obj
323	4	5	his	mismatch	mismatch_obj
324	4	6	potion	continuation	mismatch_obj
325	4	8	.	End	mismatch_obj
326	4	9	<eos>	End	mismatch_obj
327	5	0	The	np	mismatch_obj
328	5	1	goddess	np	mismatch_obj
329	5	2	knows	verb	mismatch_obj
330	5	3	they	verb	mismatch_obj
331	5	4	admired	verb	mismatch_obj
332	5	5	his	mismatch	mismatch_obj
333	5	6	likeness	continuation	mismatch_obj
334	5	8	.	End	mismatch_obj
335	5	9	<eos>	End	mismatch_obj
336	6	0	Her	np	mismatch_obj
337	6	1	aunt	np	mismatch_obj
338	6	2	said	verb	mismatch_obj
339	6	3	they	verb	mismatch_obj
340	6	4	know	verb	mismatch_obj
341	6	5	his	mismatch	mismatch_obj
342	6	6	friend	continuation	mismatch_obj
343	6	8	.	End	mismatch_obj
344	6	9	<eos>	End	mismatch_obj
345	7	0	The	np	mismatch_obj
346	7	1	lady	np	mismatch_obj
347	7	2	believes	verb	mismatch_obj
348	7	3	they	verb	mismatch_obj
349	7	4	misplaced	verb	mismatch_obj
350	7	5	his	mismatch	mismatch_obj
351	7	6	dress	continuation	mismatch_obj
352	7	8	.	End	mismatch_obj
353	7	9	<eos>	End	mismatch_obj
354	8	0	The	np	mismatch_obj
355	8	1	princess	np	mismatch_obj
356	8	2	knows	verb	mismatch_obj
357	8	3	they	verb	mismatch_obj
358	8	4	are	verb	mismatch_obj
359	8	5	searching	verb	mismatch_obj
360	8	6	for	verb	mismatch_obj
361	8	7	his	mismatch	mismatch_obj
362	8	8	jewels	continuation	mismatch_obj
363	8	10	.	End	mismatch_obj
364	8	11	<eos>	End	mismatch_obj
365	9	0	The	np	mismatch_obj
366	9	1	girl	np	mismatch_obj
367	9	2	believes	verb	mismatch_obj
368	9	3	they	verb	mismatch_obj
369	9	4	love	verb	mismatch_obj
370	9	5	his	mismatch	mismatch_obj
371	9	6	mother	continuation	mismatch_obj
372	9	8	.	End	mismatch_obj
373	9	9	<eos>	End	mismatch_obj
374	10	0	The	np	mismatch_obj
375	10	1	queen	np	mismatch_obj
376	10	2	knows	verb	mismatch_obj
377	10	3	they	verb	mismatch_obj
378	10	4	take	verb	mismatch_obj
379	10	5	pride	verb	mismatch_obj
380	10	6	in	verb	mismatch_obj
381	10	7	his	mismatch	mismatch_obj
382	10	8	sovereignty	continuation	mismatch_obj
383	10	10	.	End	mismatch_obj
384	10	11	<eos>	End	mismatch_obj
385	11	0	Her	np	mismatch_obj
386	11	1	mother	np	mismatch_obj
387	11	2	thinks	verb	mismatch_obj
388	11	3	they	verb	mismatch_obj
389	11	4	like	verb	mismatch_obj
390	11	5	his	mismatch	mismatch_obj
391	11	6	friend	continuation	mismatch_obj
392	11	8	.	End	mismatch_obj
393	11	9	<eos>	End	mismatch_obj
394	12	0	The	np	mismatch_obj
395	12	1	waitress	np	mismatch_obj
396	12	2	believes	verb	mismatch_obj
397	12	3	they	verb	mismatch_obj
398	12	4	stole	verb	mismatch_obj
399	12	5	his	mismatch	mismatch_obj
400	12	6	paycheck	continuation	mismatch_obj
401	12	8	.	End	mismatch_obj
402	12	9	<eos>	End	mismatch_obj
403	13	0	The	np	mismatch_obj
404	13	1	mistress	np	mismatch_obj
405	13	2	thinks	verb	mismatch_obj
406	13	3	they	verb	mismatch_obj
407	13	4	saw	verb	mismatch_obj
408	13	5	his	mismatch	mismatch_obj
409	13	6	artwork	continuation	mismatch_obj
410	13	8	.	End	mismatch_obj
411	13	9	<eos>	End	mismatch_obj
412	14	0	The	np	mismatch_obj
413	14	1	boy	np	mismatch_obj
414	14	2	thinks	verb	mismatch_obj
415	14	3	they	verb	mismatch_obj
416	14	4	lost	verb	mismatch_obj
417	14	5	her	mismatch	mismatch_obj
418	14	6	airplane	continuation	mismatch_obj
419	14	8	.	End	mismatch_obj
420	14	9	<eos>	End	mismatch_obj
421	15	0	The	np	mismatch_obj
422	15	1	knight	np	mismatch_obj
423	15	2	suspects	verb	mismatch_obj
424	15	3	they	verb	mismatch_obj
425	15	4	mistreated	verb	mismatch_obj
426	15	5	her	mismatch	mismatch_obj
427	15	6	squire	continuation	mismatch_obj
428	15	8	.	End	mismatch_obj
429	15	9	<eos>	End	mismatch_obj
430	16	0	The	np	mismatch_obj
431	16	1	chairman	np	mismatch_obj
432	16	2	worries	verb	mismatch_obj
433	16	3	they	verb	mismatch_obj
434	16	4	misplaced	verb	mismatch_obj
435	16	5	her	mismatch	mismatch_obj
436	16	6	papers	continuation	mismatch_obj
437	16	8	.	End	mismatch_obj
438	16	9	<eos>	End	mismatch_obj
439	17	0	The	np	mismatch_obj
440	17	1	king	np	mismatch_obj
441	17	2	worries	verb	mismatch_obj
442	17	3	they	verb	mismatch_obj
443	17	4	detest	verb	mismatch_obj
444	17	5	her	mismatch	mismatch_obj
445	17	6	wife	continuation	mismatch_obj
446	17	8	.	End	mismatch_obj
447	17	9	<eos>	End	mismatch_obj
448	18	0	The	np	mismatch_obj
449	18	1	fireman	np	mismatch_obj
450	18	2	wonders	verb	mismatch_obj
451	18	3	if	verb	mismatch_obj
452	18	4	they	verb	mismatch_obj
453	18	5	found	verb	mismatch_obj
454	18	6	her	mismatch	mismatch_obj
455	18	7	axe	continuation	mismatch_obj
456	18	9	.	End	mismatch_obj
457	18	10	<eos>	End	mismatch_obj
458	19	0	The	np	mismatch_obj
459	19	1	emperor	np	mismatch_obj
460	19	2	knows	verb	mismatch_obj
461	19	3	they	verb	mismatch_obj
462	19	4	are	verb	mismatch_obj
463	19	5	awed	verb	mismatch_obj
464	19	6	by	verb	mismatch_obj
465	19	7	her	mismatch	mismatch_obj
466	19	8	palace	continuation	mismatch_obj
467	19	10	.	End	mismatch_obj
468	19	11	<eos>	End	mismatch_obj
469	20	0	His	np	mismatch_obj
470	20	1	uncle	np	mismatch_obj
471	20	2	hopes	verb	mismatch_obj
472	20	3	they	verb	mismatch_obj
473	20	4	like	verb	mismatch_obj
474	20	5	her	mismatch	mismatch_obj
475	20	6	son	continuation	mismatch_obj
476	20	8	.	End	mismatch_obj
477	20	9	<eos>	End	mismatch_obj
478	21	0	The	np	mismatch_obj
479	21	1	bishop	np	mismatch_obj
480	21	2	knows	verb	mismatch_obj
481	21	3	they	verb	mismatch_obj
482	21	4	love	verb	mismatch_obj
483	21	5	her	mismatch	mismatch_obj
484	21	6	congregants	continuation	mismatch_obj
485	21	8	.	End	mismatch_obj
486	21	9	<eos>	End	mismatch_obj
487	22	0	His	np	mismatch_obj
488	22	1	brother	np	mismatch_obj
489	22	2	believes	verb	mismatch_obj
490	22	3	they	verb	mismatch_obj
491	22	4	hid	verb	mismatch_obj
492	22	5	her	mismatch	mismatch_obj
493	22	6	watch	continuation	mismatch_obj
494	22	8	.	End	mismatch_obj
495	22	9	<eos>	End	mismatch_obj
496	23	0	The	np	mismatch_obj
497	23	1	bachelor	np	mismatch_obj
498	23	2	thinks	verb	mismatch_obj
499	23	3	they	verb	mismatch_obj
500	23	4	tore	verb	mismatch_obj
501	23	5	up	verb	mismatch_obj
502	23	6	her	mismatch	mismatch_obj
503	23	7	letter	continuation	mismatch_obj
504	23	9	.	End	mismatch_obj
505	23	10	<eos>	End	mismatch_obj
506	24	0	The	np	mismatch_obj
507	24	1	count	np	mismatch_obj
508	24	2	knows	verb	mismatch_obj
509	24	3	they	verb	mismatch_obj
510	24	4	breached	verb	mismatch_obj
511	24	5	her	mismatch	mismatch_obj
512	24	6	castle	continuation	mismatch_obj
513	24	8	.	End	mismatch_obj
514	24	9	<eos>	End	mismatch_obj
515	25	0	The	np	mismatch_obj
516	25	1	policeman	np	mismatch_obj
517	25	2	wonders	verb	mismatch_obj
518	25	3	whether	verb	mismatch_obj
519	25	4	they	verb	mismatch_obj
520	25	5	like	verb	mismatch_obj
521	25	6	her	mismatch	mismatch_obj
522	25	7	friend	continuation	mismatch_obj
523	25	9	.	End	mismatch_obj
524	25	10	<eos>	End	mismatch_obj
525	26	0	The	np	mismatch_obj
526	26	1	clergyman	np	mismatch_obj
527	26	2	thinks	verb	mismatch_obj
528	26	3	they	verb	mismatch_obj
529	26	4	penned	verb	mismatch_obj
530	26	5	her	mismatch	mismatch_obj
531	26	6	congregants	continuation	mismatch_obj
532	26	8	.	End	mismatch_obj
533	26	9	<eos>	End	mismatch_obj
534	27	0	The	np	mismatch_obj
535	27	1	mailman	np	mismatch_obj
536	27	2	worries	verb	mismatch_obj
537	27	3	they	verb	mismatch_obj
538	27	4	stole	verb	mismatch_obj
539	27	5	her	mismatch	mismatch_obj
540	27	6	letter	continuation	mismatch_obj
541	27	8	.	End	mismatch_obj
542	27	9	<eos>	End	mismatch_obj
543	28	0	The	np	mismatch_obj
544	28	1	man	np	mismatch_obj
545	28	2	believes	verb	mismatch_obj
546	28	3	they	verb	mismatch_obj
547	28	4	found	verb	mismatch_obj
548	28	5	her	mismatch	mismatch_obj
549	28	6	wallet	continuation	mismatch_obj
550	28	8	.	End	mismatch_obj
551	28	9	<eos>	End	mismatch_obj
552	29	0	Your	np	mismatch_obj
553	29	1	husband	np	mismatch_obj
554	29	2	knows	verb	mismatch_obj
555	29	3	they	verb	mismatch_obj
556	29	4	dislike	verb	mismatch_obj
557	29	5	her	mismatch	mismatch_obj
558	29	6	favorite	continuation	mismatch_obj
559	29	7	song	continuation	mismatch_obj
560	29	9	.	End	mismatch_obj
561	29	10	<eos>	End	mismatch_obj
562	0	0	The	np	match_cnp
563	0	1	actress	np	match_cnp
564	0	2	said	verb	match_cnp
565	0	3	they	verb	match_cnp
566	0	4	saw	verb	match_cnp
567	0	5	the	cap-setup	match_cnp
568	0	6	exhibit	cap-setup	match_cnp
569	0	7	that	cap-setup	match_cnp
570	0	8	featured	cap-setup	match_cnp
571	0	9	her	match	match_cnp
572	0	10	performance	continuation	match_cnp
573	0	12	.	End	match_cnp
574	0	13	<eos>	End	match_cnp
575	1	0	The	np	match_cnp
576	1	1	bride	np	match_cnp
577	1	2	believes	verb	match_cnp
578	1	3	they	verb	match_cnp
579	1	4	lost	verb	match_cnp
580	1	5	the	cap-setup	match_cnp
581	1	6	box	cap-setup	match_cnp
582	1	7	that	cap-setup	match_cnp
583	1	8	contained	cap-setup	match_cnp
584	1	9	her	match	match_cnp
585	1	10	ring	continuation	match_cnp
586	1	12	.	End	match_cnp
587	1	13	<eos>	End	match_cnp
588	2	0	The	np	match_cnp
589	2	1	countess	np	match_cnp
590	2	2	worries	verb	match_cnp
591	2	3	they	verb	match_cnp
592	2	4	tunneled	verb	match_cnp
593	2	5	under	verb	match_cnp
594	2	6	the	cap-setup	match_cnp
595	2	7	wall	cap-setup	match_cnp
596	2	8	that	cap-setup	match_cnp
597	2	9	encircles	cap-setup	match_cnp
598	2	10	her	match	match_cnp
599	2	11	castle	continuation	match_cnp
600	2	13	.	End	match_cnp
601	2	14	<eos>	End	match_cnp
602	3	0	His	np	match_cnp
603	3	1	wife	np	match_cnp
604	3	2	believes	verb	match_cnp
605	3	3	they	verb	match_cnp
606	3	4	dislike	verb	match_cnp
607	3	5	the	cap-setup	match_cnp
608	3	6	book	cap-setup	match_cnp
609	3	7	that	cap-setup	match_cnp
610	3	8	features	cap-setup	match_cnp
611	3	9	her	match	match_cnp
612	3	10	recipe	continuation	match_cnp
613	3	12	.	End	match_cnp
614	3	13	<eos>	End	match_cnp
615	4	0	The	np	match_cnp
616	4	1	witch	np	match_cnp
617	4	2	believes	verb	match_cnp
618	4	3	they	verb	match_cnp
619	4	4	drank	verb	match_cnp
620	4	5	the	cap-setup	match_cnp
621	4	6	brew	cap-setup	match_cnp
622	4	7	that	cap-setup	match_cnp
623	4	8	contained	cap-setup	match_cnp
624	4	9	her	match	match_cnp
625	4	10	potion	continuation	match_cnp
626	4	12	.	End	match_cnp
627	4	13	<eos>	End	match_cnp
628	5	0	The	np	match_cnp
629	5	1	goddess	np	match_cnp
630	5	2	knows	verb	match_cnp
631	5	3	they	verb	match_cnp
632	5	4	admired	verb	match_cnp
633	5	5	the	cap-setup	match_cnp
634	5	6	painting	cap-setup	match_cnp
635	5	7	that	cap-setup	match_cnp
636	5	8	depicted	cap-setup	match_cnp
637	5	9	her	match	match_cnp
638	5	10	likeness	continuation	match_cnp
639	5	12	.	End	match_cnp
640	5	13	<eos>	End	match_cnp
641	6	0	Her	np	match_cnp
642	6	1	aunt	np	match_cnp
643	6	2	said	verb	match_cnp
644	6	3	they	verb	match_cnp
645	6	4	know	verb	match_cnp
646	6	5	the	cap-setup	match_cnp
647	6	6	song	cap-setup	match_cnp
648	6	7	that	cap-setup	match_cnp
649	6	8	was	cap-setup	match_cnp
650	6	9	written	cap-setup	match_cnp
651	6	10	by	cap-setup	match_cnp
652	6	11	her	match	match_cnp
653	6	12	friend	continuation	match_cnp
654	6	14	.	End	match_cnp
655	6	15	<eos>	End	match_cnp
656	7	0	The	np	match_cnp
657	7	1	lady	np	match_cnp
658	7	2	believes	verb	match_cnp
659	7	3	they	verb	match_cnp
660	7	4	misplaced	verb	match_cnp
661	7	5	the	cap-setup	match_cnp
662	7	6	bag	cap-setup	match_cnp
663	7	7	that	cap-setup	match_cnp
664	7	8	contained	cap-setup	match_cnp
665	7	9	her	match	match_cnp
666	7	10	dress	continuation	match_cnp
667	7	12	.	End	match_cnp
668	7	13	<eos>	End	match_cnp
669	8	0	The	np	match_cnp
670	8	1	princess	np	match_cnp
671	8	2	knows	verb	match_cnp
672	8	3	they	verb	match_cnp
673	8	4	are	verb	match_cnp
674	8	5	searching	verb	match_cnp
675	8	6	for	verb	match_cnp
676	8	7	the	cap-setup	match_cnp
677	8	8	vault	cap-setup	match_cnp
678	8	9	that	cap-setup	match_cnp
679	8	10	houses	cap-setup	match_cnp
680	8	11	her	match	match_cnp
681	8	12	jewels	continuation	match_cnp
682	8	14	.	End	match_cnp
683	8	15	<eos>	End	match_cnp
684	9	0	The	np	match_cnp
685	9	1	girl	np	match_cnp
686	9	2	believes	verb	match_cnp
687	9	3	they	verb	match_cnp
688	9	4	love	verb	match_cnp
689	9	5	the	cap-setup	match_cnp
690	9	6	dish	cap-setup	match_cnp
691	9	7	that	cap-setup	match_cnp
692	9	8	was	cap-setup	match_cnp
693	9	9	cooked	cap-setup	match_cnp
694	9	10	by	cap-setup	match_cnp
695	9	11	her	match	match_cnp
696	9	12	mother	continuation	match_cnp
697	9	14	.	End	match_cnp
698	9	15	<eos>	End	match_cnp
699	10	0	The	np	match_cnp
700	10	1	queen	np	match_cnp
701	10	2	knows	verb	match_cnp
702	10	3	they	verb	match_cnp
703	10	4	take	verb	match_cnp
704	10	5	pride	verb	match_cnp
705	10	6	in	verb	match_cnp
706	10	7	the	cap-setup	match_cnp
707	10	8	song	cap-setup	match_cnp
708	10	9	that	cap-setup	match_cnp
709	10	10	honors	cap-setup	match_cnp
710	10	11	her	match	match_cnp
711	10	12	sovereignty	continuation	match_cnp
712	10	14	.	End	match_cnp
713	10	15	<eos>	End	match_cnp
714	11	0	Her	np	match_cnp
715	11	1	mother	np	match_cnp
716	11	2	thinks	verb	match_cnp
717	11	3	they	verb	match_cnp
718	11	4	like	verb	match_cnp
719	11	5	the	cap-setup	match_cnp
720	11	6	novel	cap-setup	match_cnp
721	11	7	that	cap-setup	match_cnp
722	11	8	was	cap-setup	match_cnp
723	11	9	written	cap-setup	match_cnp
724	11	10	by	cap-setup	match_cnp
725	11	11	her	match	match_cnp
726	11	12	friend	continuation	match_cnp
727	11	14	.	End	match_cnp
728	11	15	<eos>	End	match_cnp
729	12	0	The	np	match_cnp
730	12	1	waitress	np	match_cnp
731	12	2	believes	verb	match_cnp
732	12	3	they	verb	match_cnp
733	12	4	stole	verb	match_cnp
734	12	5	the	cap-setup	match_cnp
735	12	6	envelope	cap-setup	match_cnp
736	12	7	that	cap-setup	match_cnp
737	12	8	contained	cap-setup	match_cnp
738	12	9	her	match	match_cnp
739	12	10	paycheck	continuation	match_cnp
740	12	12	.	End	match_cnp
741	12	13	<eos>	End	match_cnp
742	13	0	The	np	match_cnp
743	13	1	mistress	np	match_cnp
744	13	2	thinks	verb	match_cnp
745	13	3	they	verb	match_cnp
746	13	4	saw	verb	match_cnp
747	13	5	the	cap-setup	match_cnp
748	13	6	gallery	cap-setup	match_cnp
749	13	7	that	cap-setup	match_cnp
750	13	8	features	cap-setup	match_cnp
751	13	9	her	match	match_cnp
752	13	10	artwork	continuation	match_cnp
753	13	12	.	End	match_cnp
754	13	13	<eos>	End	match_cnp
755	14	0	The	np	match_cnp
756	14	1	boy	np	match_cnp
757	14	2	thinks	verb	match_cnp
758	14	3	they	verb	match_cnp
759	14	4	lost	verb	match_cnp
760	14	5	the	cap-setup	match_cnp
761	14	6	box	cap-setup	match_cnp
762	14	7	that	cap-setup	match_cnp
763	14	8	contains	cap-setup	match_cnp
764	14	9	his	match	match_cnp
765	14	10	airplane	continuation	match_cnp
766	14	12	.	End	match_cnp
767	14	13	<eos>	End	match_cnp
768	15	0	The	np	match_cnp
769	15	1	knight	np	match_cnp
770	15	2	suspects	verb	match_cnp
771	15	3	they	verb	match_cnp
772	15	4	mistreated	verb	match_cnp
773	15	5	the	cap-setup	match_cnp
774	15	6	horse	cap-setup	match_cnp
775	15	7	that	cap-setup	match_cnp
776	15	8	belongs	cap-setup	match_cnp
777	15	9	to	cap-setup	match_cnp
778	15	10	his	match	match_cnp
779	15	11	squire	continuation	match_cnp
780	15	13	.	End	match_cnp
781	15	14	<eos>	End	match_cnp
782	16	0	The	np	match_cnp
783	16	1	chairman	np	match_cnp
784	16	2	worries	verb	match_cnp
785	16	3	they	verb	match_cnp
786	16	4	misplaced	verb	match_cnp
787	16	5	the	cap-setup	match_cnp
788	16	6	dossier	cap-setup	match_cnp
789	16	7	that	cap-setup	match_cnp
790	16	8	holds	cap-setup	match_cnp
791	16	9	his	match	match_cnp
792	16	10	papers	continuation	match_cnp
793	16	12	.	End	match_cnp
794	16	13	<eos>	End	match_cnp
795	17	0	The	np	match_cnp
796	17	1	king	np	match_cnp
797	17	2	worries	verb	match_cnp
798	17	3	they	verb	match_cnp
799	17	4	detest	verb	match_cnp
800	17	5	the	cap-setup	match_cnp
801	17	6	painting	cap-setup	match_cnp
802	17	7	that	cap-setup	match_cnp
803	17	8	depicts	cap-setup	match_cnp
804	17	9	his	match	match_cnp
805	17	10	wife	continuation	match_cnp
806	17	12	.	End	match_cnp
807	17	13	<eos>	End	match_cnp
808	18	0	The	np	match_cnp
809	18	1	fireman	np	match_cnp
810	18	2	wonders	verb	match_cnp
811	18	3	if	verb	match_cnp
812	18	4	they	verb	match_cnp
813	18	5	found	verb	match_cnp
814	18	6	the	cap-setup	match_cnp
815	18	7	satchel	cap-setup	match_cnp
816	18	8	that	cap-setup	match_cnp
817	18	9	contains	cap-setup	match_cnp
818	18	10	his	match	match_cnp
819	18	11	axe	continuation	match_cnp
820	18	13	.	End	match_cnp
821	18	14	<eos>	End	match_cnp
822	19	0	The	np	match_cnp
823	19	1	emperor	np	match_cnp
824	19	2	knows	verb	match_cnp
825	19	3	they	verb	match_cnp
826	19	4	are	verb	match_cnp
827	19	5	awed	verb	match_cnp
828	19	6	by	verb	match_cnp
829	19	7	the	cap-setup	match_cnp
830	19	8	keys	cap-setup	match_cnp
831	19	9	that	cap-setup	match_cnp
832	19	10	unlock	cap-setup	match_cnp
833	19	11	his	match	match_cnp
834	19	12	palace	continuation	match_cnp
835	19	14	.	End	match_cnp
836	19	15	<eos>	End	match_cnp
837	20	0	His	np	match_cnp
838	20	1	uncle	np	match_cnp
839	20	2	hopes	verb	match_cnp
840	20	3	they	verb	match_cnp
841	20	4	like	verb	match_cnp
842	20	5	the	cap-setup	match_cnp
843	20	6	article	cap-setup	match_cnp
844	20	7	that	cap-setup	match_cnp
845	20	8	was	cap-setup	match_cnp
846	20	9	about	cap-setup	match_cnp
847	20	10	his	match	match_cnp
848	20	11	son	continuation	match_cnp
849	20	13	.	End	match_cnp
850	20	14	<eos>	End	match_cnp
851	21	0	The	np	match_cnp
852	21	1	bishop	np	match_cnp
853	21	2	knows	verb	match_cnp
854	21	3	they	verb	match_cnp
855	21	4	love	verb	match_cnp
856	21	5	the	cap-setup	match_cnp
857	21	6	song	cap-setup	match_cnp
858	21	7	that	cap-setup	match_cnp
859	21	8	moved	cap-setup	match_cnp
860	21	9	his	cap-setup	match_cnp
861	21	10	his	match	match_cnp
862	21	11	congregants	continuation	match_cnp
863	21	13	.	End	match_cnp
864	21	14	<eos>	End	match_cnp
865	22	0	His	np	match_cnp
866	22	1	brother	np	match_cnp
867	22	2	believes	verb	match_cnp
868	22	3	they	verb	match_cnp
869	22	4	hid	verb	match_cnp
870	22	5	the	cap-setup	match_cnp
871	22	6	chain	cap-setup	match_cnp
872	22	7	that	cap-setup	match_cnp
873	22	8	holds	cap-setup	match_cnp
874	22	9	his	cap-setup	match_cnp
875	22	10	his	match	match_cnp
876	22	11	watch	continuation	match_cnp
877	22	13	.	End	match_cnp
878	22	14	<eos>	End	match_cnp
879	23	0	The	np	match_cnp
880	23	1	bachelor	np	match_cnp
881	23	2	thinks	verb	match_cnp
882	23	3	they	verb	match_cnp
883	23	4	tore	verb	match_cnp
884	23	5	up	verb	match_cnp
885	23	6	the	cap-setup	match_cnp
886	23	7	envelope	cap-setup	match_cnp
887	23	8	that	cap-setup	match_cnp
888	23	9	holds	cap-setup	match_cnp
889	23	10	his	match	match_cnp
890	23	11	letter	continuation	match_cnp
891	23	13	.	End	match_cnp
892	23	14	<eos>	End	match_cnp
893	24	0	The	np	match_cnp
894	24	1	count	np	match_cnp
895	24	2	knows	verb	match_cnp
896	24	3	they	verb	match_cnp
897	24	4	breached	verb	match_cnp
898	24	5	the	cap-setup	match_cnp
899	24	6	wall	cap-setup	match_cnp
900	24	7	that	cap-setup	match_cnp
901	24	8	surrounds	cap-setup	match_cnp
902	24	9	his	match	match_cnp
903	24	10	castle	continuation	match_cnp
904	24	12	.	End	match_cnp
905	24	13	<eos>	End	match_cnp
906	25	0	The	np	match_cnp
907	25	1	policeman	np	match_cnp
908	25	2	wonders	verb	match_cnp
909	25	3	whether	verb	match_cnp
910	25	4	they	verb	match_cnp
911	25	5	like	verb	match_cnp
912	25	6	the	cap-setup	match_cnp
913	25	7	book	cap-setup	match_cnp
914	25	8	that	cap-setup	match_cnp
915	25	9	was	cap-setup	match_cnp
916	25	10	written	cap-setup	match_cnp
917	25	11	by	cap-setup	match_cnp
918	25	12	his	match	match_cnp
919	25	13	friend	continuation	match_cnp
920	25	15	.	End	match_cnp
921	25	16	<eos>	End	match_cnp
922	26	0	The	np	match_cnp
923	26	1	clergyman	np	match_cnp
924	26	2	thinks	verb	match_cnp
925	26	3	they	verb	match_cnp
926	26	4	penned	verb	match_cnp
927	26	5	the	cap-setup	match_cnp
928	26	6	sermon	cap-setup	match_cnp
929	26	7	that	cap-setup	match_cnp
930	26	8	moved	cap-setup	match_cnp
931	26	9	his	match	match_cnp
932	26	10	congregants	continuation	match_cnp
933	26	12	.	End	match_cnp
934	26	13	<eos>	End	match_cnp
935	27	0	The	np	match_cnp
936	27	1	mailman	np	match_cnp
937	27	2	worries	verb	match_cnp
938	27	3	they	verb	match_cnp
939	27	4	stole	verb	match_cnp
940	27	5	the	cap-setup	match_cnp
941	27	6	sack	cap-setup	match_cnp
942	27	7	that	cap-setup	match_cnp
943	27	8	contained	cap-setup	match_cnp
944	27	9	his	match	match_cnp
945	27	10	letter	continuation	match_cnp
946	27	12	.	End	match_cnp
947	27	13	<eos>	End	match_cnp
948	28	0	The	np	match_cnp
949	28	1	man	np	match_cnp
950	28	2	believes	verb	match_cnp
951	28	3	they	verb	match_cnp
952	28	4	found	verb	match_cnp
953	28	5	the	cap-setup	match_cnp
954	28	6	photo	cap-setup	match_cnp
955	28	7	that	cap-setup	match_cnp
956	28	8	depicted	cap-setup	match_cnp
957	28	9	his	match	match_cnp
958	28	10	wallet	continuation	match_cnp
959	28	12	.	End	match_cnp
960	28	13	<eos>	End	match_cnp
961	29	0	Your	np	match_cnp
962	29	1	husband	np	match_cnp
963	29	2	knows	verb	match_cnp
964	29	3	they	verb	match_cnp
965	29	4	dislike	verb	match_cnp
966	29	5	the	cap-setup	match_cnp
967	29	6	movie	cap-setup	match_cnp
968	29	7	that	cap-setup	match_cnp
969	29	8	featured	cap-setup	match_cnp
970	29	9	his	match	match_cnp
971	29	10	favorite	continuation	match_cnp
972	29	11	song	continuation	match_cnp
973	29	13	.	End	match_cnp
974	29	14	<eos>	End	match_cnp
975	0	0	The	np	mismatch_cnp
976	0	1	actress	np	mismatch_cnp
977	0	2	said	verb	mismatch_cnp
978	0	3	they	verb	mismatch_cnp
979	0	4	saw	verb	mismatch_cnp
980	0	5	the	cap-setup	mismatch_cnp
981	0	6	exhibit	cap-setup	mismatch_cnp
982	0	7	that	cap-setup	mismatch_cnp
983	0	8	featured	cap-setup	mismatch_cnp
984	0	9	his	mismatch	mismatch_cnp
985	0	10	performance	continuation	mismatch_cnp
986	0	12	.	End	mismatch_cnp
987	0	13	<eos>	End	mismatch_cnp
988	1	0	The	np	mismatch_cnp
989	1	1	bride	np	mismatch_cnp
990	1	2	believes	verb	mismatch_cnp
991	1	3	they	verb	mismatch_cnp
992	1	4	lost	verb	mismatch_cnp
993	1	5	the	cap-setup	mismatch_cnp
994	1	6	box	cap-setup	mismatch_cnp
995	1	7	that	cap-setup	mismatch_cnp
996	1	8	contained	cap-setup	mismatch_cnp
997	1	9	his	mismatch	mismatch_cnp
998	1	10	ring	continuation	mismatch_cnp
999	1	12	.	End	mismatch_cnp
1000	1	13	<eos>	End	mismatch_cnp
1001	2	0	The	np	mismatch_cnp
1002	2	1	countess	np	mismatch_cnp
1003	2	2	worries	verb	mismatch_cnp
1004	2	3	they	verb	mismatch_cnp
1005	2	4	tunneled	verb	mismatch_cnp
1006	2	5	under	verb	mismatch_cnp
1007	2	6	the	cap-setup	mismatch_cnp
1008	2	7	wall	cap-setup	mismatch_cnp
1009	2	8	that	cap-setup	mismatch_cnp
1010	2	9	encircles	cap-setup	mismatch_cnp
1011	2	10	his	mismatch	mismatch_cnp
1012	2	11	castle	continuation	mismatch_cnp
1013	2	13	.	End	mismatch_cnp
1014	2	14	<eos>	End	mismatch_cnp
1015	3	0	His	np	mismatch_cnp
1016	3	1	wife	np	mismatch_cnp
1017	3	2	believes	verb	mismatch_cnp
1018	3	3	they	verb	mismatch_cnp
1019	3	4	dislike	verb	mismatch_cnp
1020	3	5	the	cap-setup	mismatch_cnp
1021	3	6	book	cap-setup	mismatch_cnp
1022	3	7	that	cap-setup	mismatch_cnp
1023	3	8	features	cap-setup	mismatch_cnp
1024	3	9	his	mismatch	mismatch_cnp
1025	3	10	recipe	continuation	mismatch_cnp
1026	3	12	.	End	mismatch_cnp
1027	3	13	<eos>	End	mismatch_cnp
1028	4	0	The	np	mismatch_cnp
1029	4	1	witch	np	mismatch_cnp
1030	4	2	believes	verb	mismatch_cnp
1031	4	3	they	verb	mismatch_cnp
1032	4	4	drank	verb	mismatch_cnp
1033	4	5	the	cap-setup	mismatch_cnp
1034	4	6	brew	cap-setup	mismatch_cnp
1035	4	7	that	cap-setup	mismatch_cnp
1036	4	8	contained	cap-setup	mismatch_cnp
1037	4	9	his	mismatch	mismatch_cnp
1038	4	10	potion	continuation	mismatch_cnp
1039	4	12	.	End	mismatch_cnp
1040	4	13	<eos>	End	mismatch_cnp
1041	5	0	The	np	mismatch_cnp
1042	5	1	goddess	np	mismatch_cnp
1043	5	2	knows	verb	mismatch_cnp
1044	5	3	they	verb	mismatch_cnp
1045	5	4	admired	verb	mismatch_cnp
1046	5	5	the	cap-setup	mismatch_cnp
1047	5	6	painting	cap-setup	mismatch_cnp
1048	5	7	that	cap-setup	mismatch_cnp
1049	5	8	depicted	cap-setup	mismatch_cnp
1050	5	9	his	mismatch	mismatch_cnp
1051	5	10	likeness	continuation	mismatch_cnp
1052	5	12	.	End	mismatch_cnp
1053	5	13	<eos>	End	mismatch_cnp
1054	6	0	Her	np	mismatch_cnp
1055	6	1	aunt	np	mismatch_cnp
1056	6	2	said	verb	mismatch_cnp
1057	6	3	they	verb	mismatch_cnp
1058	6	4	know	verb	mismatch_cnp
1059	6	5	the	cap-setup	mismatch_cnp
1060	6	6	song	cap-setup	mismatch_cnp
1061	6	7	that	cap-setup	mismatch_cnp
1062	6	8	was	cap-setup	mismatch_cnp
1063	6	9	written	cap-setup	mismatch_cnp
1064	6	10	by	cap-setup	mismatch_cnp
1065	6	11	his	mismatch	mismatch_cnp
1066	6	12	friend	continuation	mismatch_cnp
1067	6	14	.	End	mismatch_cnp
1068	6	15	<eos>	End	mismatch_cnp
1069	7	0	The	np	mismatch_cnp
1070	7	1	lady	np	mismatch_cnp
1071	7	2	believes	verb	mismatch_cnp
1072	7	3	they	verb	mismatch_cnp
1073	7	4	misplaced	verb	mismatch_cnp
1074	7	5	the	cap-setup	mismatch_cnp
1075	7	6	bag	cap-setup	mismatch_cnp
1076	7	7	that	cap-setup	mismatch_cnp
1077	7	8	contained	cap-setup	mismatch_cnp
1078	7	9	his	mismatch	mismatch_cnp
1079	7	10	dress	continuation	mismatch_cnp
1080	7	12	.	End	mismatch_cnp
1081	7	13	<eos>	End	mismatch_cnp
1082	8	0	The	np	mismatch_cnp
1083	8	1	princess	np	mismatch_cnp
1084	8	2	knows	verb	mismatch_cnp
1085	8	3	they	verb	mismatch_cnp
1086	8	4	are	verb	mismatch_cnp
1087	8	5	searching	verb	mismatch_cnp
1088	8	6	for	verb	mismatch_cnp
1089	8	7	the	cap-setup	mismatch_cnp
1090	8	8	vault	cap-setup	mismatch_cnp
1091	8	9	that	cap-setup	mismatch_cnp
1092	8	10	houses	cap-setup	mismatch_cnp
1093	8	11	his	mismatch	mismatch_cnp
1094	8	12	jewels	continuation	mismatch_cnp
1095	8	14	.	End	mismatch_cnp
1096	8	15	<eos>	End	mismatch_cnp
1097	9	0	The	np	mismatch_cnp
1098	9	1	girl	np	mismatch_cnp
1099	9	2	believes	verb	mismatch_cnp
1100	9	3	they	verb	mismatch_cnp
1101	9	4	love	verb	mismatch_cnp
1102	9	5	the	cap-setup	mismatch_cnp
1103	9	6	dish	cap-setup	mismatch_cnp
1104	9	7	that	cap-setup	mismatch_cnp
1105	9	8	was	cap-setup	mismatch_cnp
1106	9	9	cooked	cap-setup	mismatch_cnp
1107	9	10	by	cap-setup	mismatch_cnp
1108	9	11	his	mismatch	mismatch_cnp
1109	9	12	mother	continuation	mismatch_cnp
1110	9	14	.	End	mismatch_cnp
1111	9	15	<eos>	End	mismatch_cnp
1112	10	0	The	np	mismatch_cnp
1113	10	1	queen	np	mismatch_cnp
1114	10	2	knows	verb	mismatch_cnp
1115	10	3	they	verb	mismatch_cnp
1116	10	4	take	verb	mismatch_cnp
1117	10	5	pride	verb	mismatch_cnp
1118	10	6	in	verb	mismatch_cnp
1119	10	7	the	cap-setup	mismatch_cnp
1120	10	8	song	cap-setup	mismatch_cnp
1121	10	9	that	cap-setup	mismatch_cnp
1122	10	10	honors	cap-setup	mismatch_cnp
1123	10	11	his	mismatch	mismatch_cnp
1124	10	12	sovereignty	continuation	mismatch_cnp
1125	10	14	.	End	mismatch_cnp
1126	10	15	<eos>	End	mismatch_cnp
1127	11	0	Her	np	mismatch_cnp
1128	11	1	mother	np	mismatch_cnp
1129	11	2	thinks	verb	mismatch_cnp
1130	11	3	they	verb	mismatch_cnp
1131	11	4	like	verb	mismatch_cnp
1132	11	5	the	cap-setup	mismatch_cnp
1133	11	6	novel	cap-setup	mismatch_cnp
1134	11	7	that	cap-setup	mismatch_cnp
1135	11	8	was	cap-setup	mismatch_cnp
1136	11	9	written	cap-setup	mismatch_cnp
1137	11	10	by	cap-setup	mismatch_cnp
1138	11	11	his	mismatch	mismatch_cnp
1139	11	12	friend	continuation	mismatch_cnp
1140	11	14	.	End	mismatch_cnp
1141	11	15	<eos>	End	mismatch_cnp
1142	12	0	The	np	mismatch_cnp
1143	12	1	waitress	np	mismatch_cnp
1144	12	2	believes	verb	mismatch_cnp
1145	12	3	they	verb	mismatch_cnp
1146	12	4	stole	verb	mismatch_cnp
1147	12	5	the	cap-setup	mismatch_cnp
1148	12	6	envelope	cap-setup	mismatch_cnp
1149	12	7	that	cap-setup	mismatch_cnp
1150	12	8	contained	cap-setup	mismatch_cnp
1151	12	9	his	mismatch	mismatch_cnp
1152	12	10	paycheck	continuation	mismatch_cnp
1153	12	12	.	End	mismatch_cnp
1154	12	13	<eos>	End	mismatch_cnp
1155	13	0	The	np	mismatch_cnp
1156	13	1	mistress	np	mismatch_cnp
1157	13	2	thinks	verb	mismatch_cnp
1158	13	3	they	verb	mismatch_cnp
1159	13	4	saw	verb	mismatch_cnp
1160	13	5	the	cap-setup	mismatch_cnp
1161	13	6	gallery	cap-setup	mismatch_cnp
1162	13	7	that	cap-setup	mismatch_cnp
1163	13	8	features	cap-setup	mismatch_cnp
1164	13	9	his	mismatch	mismatch_cnp
1165	13	10	artwork	continuation	mismatch_cnp
1166	13	12	.	End	mismatch_cnp
1167	13	13	<eos>	End	mismatch_cnp
1168	14	0	The	np	mismatch_cnp
1169	14	1	boy	np	mismatch_cnp
1170	14	2	thinks	verb	mismatch_cnp
1171	14	3	they	verb	mismatch_cnp
1172	14	4	lost	verb	mismatch_cnp
1173	14	5	the	cap-setup	mismatch_cnp
1174	14	6	box	cap-setup	mismatch_cnp
1175	14	7	that	cap-setup	mismatch_cnp
1176	14	8	contains	cap-setup	mismatch_cnp
1177	14	9	her	mismatch	mismatch_cnp
1178	14	10	airplane	continuation	mismatch_cnp
1179	14	12	.	End	mismatch_cnp
1180	14	13	<eos>	End	mismatch_cnp
1181	15	0	The	np	mismatch_cnp
1182	15	1	knight	np	mismatch_cnp
1183	15	2	suspects	verb	mismatch_cnp
1184	15	3	they	verb	mismatch_cnp
1185	15	4	mistreated	verb	mismatch_cnp
1186	15	5	the	cap-setup	mismatch_cnp
1187	15	6	horse	cap-setup	mismatch_cnp
1188	15	7	that	cap-setup	mismatch_cnp
1189	15	8	belongs	cap-setup	mismatch_cnp
1190	15	9	to	cap-setup	mismatch_cnp
1191	15	10	her	mismatch	mismatch_cnp
1192	15	11	squire	continuation	mismatch_cnp
1193	15	13	.	End	mismatch_cnp
1194	15	14	<eos>	End	mismatch_cnp
1195	16	0	The	np	mismatch_cnp
1196	16	1	chairman	np	mismatch_cnp
1197	16	2	worries	verb	mismatch_cnp
1198	16	3	they	verb	mismatch_cnp
1199	16	4	misplaced	verb	mismatch_cnp
1200	16	5	the	cap-setup	mismatch_cnp
1201	16	6	dossier	cap-setup	mismatch_cnp
1202	16	7	that	cap-setup	mismatch_cnp
1203	16	8	holds	cap-setup	mismatch_cnp
1204	16	9	her	mismatch	mismatch_cnp
1205	16	10	papers	continuation	mismatch_cnp
1206	16	12	.	End	mismatch_cnp
1207	16	13	<eos>	End	mismatch_cnp
1208	17	0	The	np	mismatch_cnp
1209	17	1	king	np	mismatch_cnp
1210	17	2	worries	verb	mismatch_cnp
1211	17	3	they	verb	mismatch_cnp
1212	17	4	detest	verb	mismatch_cnp
1213	17	5	the	cap-setup	mismatch_cnp
1214	17	6	painting	cap-setup	mismatch_cnp
1215	17	7	that	cap-setup	mismatch_cnp
1216	17	8	depicts	cap-setup	mismatch_cnp
1217	17	9	her	mismatch	mismatch_cnp
1218	17	10	wife	continuation	mismatch_cnp
1219	17	12	.	End	mismatch_cnp
1220	17	13	<eos>	End	mismatch_cnp
1221	18	0	The	np	mismatch_cnp
1222	18	1	fireman	np	mismatch_cnp
1223	18	2	wonders	verb	mismatch_cnp
1224	18	3	if	verb	mismatch_cnp
1225	18	4	they	verb	mismatch_cnp
1226	18	5	found	verb	mismatch_cnp
1227	18	6	the	cap-setup	mismatch_cnp
1228	18	7	satchel	cap-setup	mismatch_cnp
1229	18	8	that	cap-setup	mismatch_cnp
1230	18	9	contains	cap-setup	mismatch_cnp
1231	18	10	her	mismatch	mismatch_cnp
1232	18	11	axe	continuation	mismatch_cnp
1233	18	13	.	End	mismatch_cnp
1234	18	14	<eos>	End	mismatch_cnp
1235	19	0	The	np	mismatch_cnp
1236	19	1	emperor	np	mismatch_cnp
1237	19	2	knows	verb	mismatch_cnp
1238	19	3	they	verb	mismatch_cnp
1239	19	4	are	verb	mismatch_cnp
1240	19	5	awed	verb	mismatch_cnp
1241	19	6	by	verb	mismatch_cnp
1242	19	7	the	cap-setup	mismatch_cnp
1243	19	8	keys	cap-setup	mismatch_cnp
1244	19	9	that	cap-setup	mismatch_cnp
1245	19	10	unlock	cap-setup	mismatch_cnp
1246	19	11	her	mismatch	mismatch_cnp
1247	19	12	palace	continuation	mismatch_cnp
1248	19	14	.	End	mismatch_cnp
1249	19	15	<eos>	End	mismatch_cnp
1250	20	0	His	np	mismatch_cnp
1251	20	1	uncle	np	mismatch_cnp
1252	20	2	hopes	verb	mismatch_cnp
1253	20	3	they	verb	mismatch_cnp
1254	20	4	like	verb	mismatch_cnp
1255	20	5	the	cap-setup	mismatch_cnp
1256	20	6	article	cap-setup	mismatch_cnp
1257	20	7	that	cap-setup	mismatch_cnp
1258	20	8	was	cap-setup	mismatch_cnp
1259	20	9	about	cap-setup	mismatch_cnp
1260	20	10	her	mismatch	mismatch_cnp
1261	20	11	son	continuation	mismatch_cnp
1262	20	13	.	End	mismatch_cnp
1263	20	14	<eos>	End	mismatch_cnp
1264	21	0	The	np	mismatch_cnp
1265	21	1	bishop	np	mismatch_cnp
1266	21	2	knows	verb	mismatch_cnp
1267	21	3	they	verb	mismatch_cnp
1268	21	4	love	verb	mismatch_cnp
1269	21	5	the	cap-setup	mismatch_cnp
1270	21	6	song	cap-setup	mismatch_cnp
1271	21	7	that	cap-setup	mismatch_cnp
1272	21	8	moved	cap-setup	mismatch_cnp
1273	21	9	his	cap-setup	mismatch_cnp
1274	21	10	her	mismatch	mismatch_cnp
1275	21	11	congregants	continuation	mismatch_cnp
1276	21	13	.	End	mismatch_cnp
1277	21	14	<eos>	End	mismatch_cnp
1278	22	0	His	np	mismatch_cnp
1279	22	1	brother	np	mismatch_cnp
1280	22	2	believes	verb	mismatch_cnp
1281	22	3	they	verb	mismatch_cnp
1282	22	4	hid	verb	mismatch_cnp
1283	22	5	the	cap-setup	mismatch_cnp
1284	22	6	chain	cap-setup	mismatch_cnp
1285	22	7	that	cap-setup	mismatch_cnp
1286	22	8	holds	cap-setup	mismatch_cnp
1287	22	9	his	cap-setup	mismatch_cnp
1288	22	10	her	mismatch	mismatch_cnp
1289	22	11	watch	continuation	mismatch_cnp
1290	22	13	.	End	mismatch_cnp
1291	22	14	<eos>	End	mismatch_cnp
1292	23	0	The	np	mismatch_cnp
1293	23	1	bachelor	np	mismatch_cnp
1294	23	2	thinks	verb	mismatch_cnp
1295	23	3	they	verb	mismatch_cnp
1296	23	4	tore	verb	mismatch_cnp
1297	23	5	up	verb	mismatch_cnp
1298	23	6	the	cap-setup	mismatch_cnp
1299	23	7	envelope	cap-setup	mismatch_cnp
1300	23	8	that	cap-setup	mismatch_cnp
1301	23	9	holds	cap-setup	mismatch_cnp
1302	23	10	her	mismatch	mismatch_cnp
1303	23	11	letter	continuation	mismatch_cnp
1304	23	13	.	End	mismatch_cnp
1305	23	14	<eos>	End	mismatch_cnp
1306	24	0	The	np	mismatch_cnp
1307	24	1	count	np	mismatch_cnp
1308	24	2	knows	verb	mismatch_cnp
1309	24	3	they	verb	mismatch_cnp
1310	24	4	breached	verb	mismatch_cnp
1311	24	5	the	cap-setup	mismatch_cnp
1312	24	6	wall	cap-setup	mismatch_cnp
1313	24	7	that	cap-setup	mismatch_cnp
1314	24	8	surrounds	cap-setup	mismatch_cnp
1315	24	9	her	mismatch	mismatch_cnp
1316	24	10	castle	continuation	mismatch_cnp
1317	24	12	.	End	mismatch_cnp
1318	24	13	<eos>	End	mismatch_cnp
1319	25	0	The	np	mismatch_cnp
1320	25	1	policeman	np	mismatch_cnp
1321	25	2	wonders	verb	mismatch_cnp
1322	25	3	whether	verb	mismatch_cnp
1323	25	4	they	verb	mismatch_cnp
1324	25	5	like	verb	mismatch_cnp
1325	25	6	the	cap-setup	mismatch_cnp
1326	25	7	book	cap-setup	mismatch_cnp
1327	25	8	that	cap-setup	mismatch_cnp
1328	25	9	was	cap-setup	mismatch_cnp
1329	25	10	written	cap-setup	mismatch_cnp
1330	25	11	by	cap-setup	mismatch_cnp
1331	25	12	her	mismatch	mismatch_cnp
1332	25	13	friend	continuation	mismatch_cnp
1333	25	15	.	End	mismatch_cnp
1334	25	16	<eos>	End	mismatch_cnp
1335	26	0	The	np	mismatch_cnp
1336	26	1	clergyman	np	mismatch_cnp
1337	26	2	thinks	verb	mismatch_cnp
1338	26	3	they	verb	mismatch_cnp
1339	26	4	penned	verb	mismatch_cnp
1340	26	5	the	cap-setup	mismatch_cnp
1341	26	6	sermon	cap-setup	mismatch_cnp
1342	26	7	that	cap-setup	mismatch_cnp
1343	26	8	moved	cap-setup	mismatch_cnp
1344	26	9	her	mismatch	mismatch_cnp
1345	26	10	congregants	continuation	mismatch_cnp
1346	26	12	.	End	mismatch_cnp
1347	26	13	<eos>	End	mismatch_cnp
1348	27	0	The	np	mismatch_cnp
1349	27	1	mailman	np	mismatch_cnp
1350	27	2	worries	verb	mismatch_cnp
1351	27	3	they	verb	mismatch_cnp
1352	27	4	stole	verb	mismatch_cnp
1353	27	5	the	cap-setup	mismatch_cnp
1354	27	6	sack	cap-setup	mismatch_cnp
1355	27	7	that	cap-setup	mismatch_cnp
1356	27	8	contained	cap-setup	mismatch_cnp
1357	27	9	her	mismatch	mismatch_cnp
1358	27	10	letter	continuation	mismatch_cnp
1359	27	12	.	End	mismatch_cnp
1360	27	13	<eos>	End	mismatch_cnp
1361	28	0	The	np	mismatch_cnp
1362	28	1	man	np	mismatch_cnp
1363	28	2	believes	verb	mismatch_cnp
1364	28	3	they	verb	mismatch_cnp
1365	28	4	found	verb	mismatch_cnp
1366	28	5	the	cap-setup	mismatch_cnp
1367	28	6	photo	cap-setup	mismatch_cnp
1368	28	7	that	cap-setup	mismatch_cnp
1369	28	8	depicted	cap-setup	mismatch_cnp
1370	28	9	her	mismatch	mismatch_cnp
1371	28	10	wallet	continuation	mismatch_cnp
1372	28	12	.	End	mismatch_cnp
1373	28	13	<eos>	End	mismatch_cnp
1374	29	0	Your	np	mismatch_cnp
1375	29	1	husband	np	mismatch_cnp
1376	29	2	knows	verb	mismatch_cnp
1377	29	3	they	verb	mismatch_cnp
1378	29	4	dislike	verb	mismatch_cnp
1379	29	5	the	cap-setup	mismatch_cnp
1380	29	6	movie	cap-setup	mismatch_cnp
1381	29	7	that	cap-setup	mismatch_cnp
1382	29	8	featured	cap-setup	mismatch_cnp
1383	29	9	her	mismatch	mismatch_cnp
1384	29	10	favorite	continuation	mismatch_cnp
1385	29	11	song	continuation	mismatch_cnp
1386	29	13	.	End	mismatch_cnp
1387	29	14	<eos>	End	mismatch_cnp
